time,count,top_words
Mon Sep 03 00:00:00 UTC 2012,2217,night=42_people=42
Mon Sep 03 01:00:00 UTC 2012,1401,night=34
Mon Sep 03 02:00:00 UTC 2012,964,sleep=24
Mon Sep 03 03:00:00 UTC 2012,652,say=16
Mon Sep 03 04:00:00 UTC 2012,456,price=15_sep=15
Mon Sep 03 05:00:00 UTC 2012,420,voteonedirection=14
Mon Sep 03 06:00:00 UTC 2012,733,morning=38
Mon Sep 03 07:00:00 UTC 2012,1224,morning=80
Mon Sep 03 08:00:00 UTC 2012,1938,morning=86
Mon Sep 03 09:00:00 UTC 2012,2210,morning=90
Mon Sep 03 10:00:00 UTC 2012,2492,morning=57
Mon Sep 03 11:00:00 UTC 2012,2949,work=58_haha=58
Mon Sep 03 12:00:00 UTC 2012,2828,well=58
Mon Sep 03 13:00:00 UTC 2012,2974,need=58
Mon Sep 03 14:00:00 UTC 2012,3068,happy=57
Mon Sep 03 15:00:00 UTC 2012,3005,votebieber=180
Mon Sep 03 16:00:00 UTC 2012,2946,votebieber=152
Mon Sep 03 17:00:00 UTC 2012,3103,work=57
Mon Sep 03 18:00:00 UTC 2012,3175,olympic=94
Mon Sep 03 19:00:00 UTC 2012,3535,think=71
Mon Sep 03 20:00:00 UTC 2012,4052,haha=71
Mon Sep 03 21:00:00 UTC 2012,4480,think=112
Mon Sep 03 22:00:00 UTC 2012,1364,think=39
Mon Sep 03 23:00:00 UTC 2012,0,""
Tue Sep 04 00:00:00 UTC 2012,2679,need=54
Tue Sep 04 01:00:00 UTC 2012,1868,night=38
Tue Sep 04 02:00:00 UTC 2012,1172,nocapricho=78
Tue Sep 04 03:00:00 UTC 2012,746,sleep=17
Tue Sep 04 04:00:00 UTC 2012,669,price=18_sep=18
Tue Sep 04 05:00:00 UTC 2012,510,voteonedirection=16
Tue Sep 04 06:00:00 UTC 2012,571,morning=55
Tue Sep 04 07:00:00 UTC 2012,1383,morning=83
Tue Sep 04 08:00:00 UTC 2012,2160,morning=86
Tue Sep 04 09:00:00 UTC 2012,2241,olympic=75
Tue Sep 04 10:00:00 UTC 2012,2727,work=62
Tue Sep 04 11:00:00 UTC 2012,2959,votebieber=81
Tue Sep 04 12:00:00 UTC 2012,2962,think=62
Tue Sep 04 13:00:00 UTC 2012,3010,think=53
Tue Sep 04 14:00:00 UTC 2012,3341,tweet=145
Tue Sep 04 15:00:00 UTC 2012,2915,think=59
Tue Sep 04 16:00:00 UTC 2012,3059,haha=56
Tue Sep 04 17:00:00 UTC 2012,3262,haha=72
Tue Sep 04 18:00:00 UTC 2012,3625,please=93
Tue Sep 04 19:00:00 UTC 2012,3808,olympic=80
Tue Sep 04 20:00:00 UTC 2012,4231,well=97
Tue Sep 04 21:00:00 UTC 2012,4605,think=97
Tue Sep 04 22:00:00 UTC 2012,4597,think=105
Tue Sep 04 23:00:00 UTC 2012,4099,night=84
Wed Sep 05 00:00:00 UTC 2012,2516,night=43
Wed Sep 05 01:00:00 UTC 2012,1583,canción=36
Wed Sep 05 02:00:00 UTC 2012,1020,ser=21
Wed Sep 05 03:00:00 UTC 2012,561,como=11
Wed Sep 05 04:00:00 UTC 2012,520,zayn=27
Wed Sep 05 05:00:00 UTC 2012,406,price=20
Wed Sep 05 06:00:00 UTC 2012,622,morning=50
Wed Sep 05 07:00:00 UTC 2012,1482,morning=87
Wed Sep 05 08:00:00 UTC 2012,2178,morning=99
Wed Sep 05 09:00:00 UTC 2012,2400,morning=79
Wed Sep 05 10:00:00 UTC 2012,2866,paralympics=63
Wed Sep 05 11:00:00 UTC 2012,2673,paralympics=58
Wed Sep 05 12:00:00 UTC 2012,2972,think=52_need=52
Wed Sep 05 13:00:00 UTC 2012,3127,tweet=83
Wed Sep 05 14:00:00 UTC 2012,3279,tweet=68
Wed Sep 05 15:00:00 UTC 2012,2892,tea=68
Wed Sep 05 16:00:00 UTC 2012,3261,think=66_well=66
Wed Sep 05 17:00:00 UTC 2012,3649,well=67
Wed Sep 05 18:00:00 UTC 2012,3854,olympic=106
Wed Sep 05 19:00:00 UTC 2012,3947,world=79
Wed Sep 05 20:00:00 UTC 2012,4131,think=80
Wed Sep 05 21:00:00 UTC 2012,2495,dallas=53
Wed Sep 05 22:00:00 UTC 2012,0,""
Wed Sep 05 23:00:00 UTC 2012,0,""
Thu Sep 06 00:00:00 UTC 2012,1175,night=26
Thu Sep 06 01:00:00 UTC 2012,1605,twitcam=50
Thu Sep 06 02:00:00 UTC 2012,1150,people=22
Thu Sep 06 03:00:00 UTC 2012,778,voteonedirection=20
Thu Sep 06 04:00:00 UTC 2012,473,price=23
Thu Sep 06 05:00:00 UTC 2012,454,morning=15
Thu Sep 06 06:00:00 UTC 2012,651,morning=45
Thu Sep 06 07:00:00 UTC 2012,1419,morning=86
Thu Sep 06 08:00:00 UTC 2012,2227,morning=100
Thu Sep 06 09:00:00 UTC 2012,2439,morning=80
Thu Sep 06 10:00:00 UTC 2012,2515,olympic=75
Thu Sep 06 11:00:00 UTC 2012,3031,who's=111_tweet=111
Thu Sep 06 12:00:00 UTC 2012,2716,paralympics=46_olympic=46
Thu Sep 06 13:00:00 UTC 2012,3000,people=52_haha=52
Thu Sep 06 14:00:00 UTC 2012,2779,people=52
Thu Sep 06 15:00:00 UTC 2012,2956,work=53_think=53
Thu Sep 06 16:00:00 UTC 2012,3255,haha=63
Thu Sep 06 17:00:00 UTC 2012,3117,haha=69
Thu Sep 06 18:00:00 UTC 2012,3515,olympic=85
Thu Sep 06 19:00:00 UTC 2012,4014,olympic=94
Thu Sep 06 20:00:00 UTC 2012,4277,well=87
Thu Sep 06 21:00:00 UTC 2012,5143,peacock=169
Thu Sep 06 22:00:00 UTC 2012,4844,night=119
Thu Sep 06 23:00:00 UTC 2012,3462,night=92
Fri Sep 07 00:00:00 UTC 2012,2498,night=65
Fri Sep 07 01:00:00 UTC 2012,1901,vma=53
Fri Sep 07 02:00:00 UTC 2012,1310,proud=25_mis=25
Fri Sep 07 03:00:00 UTC 2012,823,não=24
Fri Sep 07 04:00:00 UTC 2012,722,✨⋰˚🌟˚⋱🍂💛🍂⋰˚⋱˚⁂˚=31_✨⋰˚❁🌟🔱❁˚⁂=31_⁂˚🔱❁✨⋰❁˚=31_ƑℛįƊąყ✨✨=31_🔱˚⋰˚💛❁💛˚⋱❁=31
Fri Sep 07 05:00:00 UTC 2012,468,vai=12
Fri Sep 07 06:00:00 UTC 2012,711,morning=41
Fri Sep 07 07:00:00 UTC 2012,1658,morning=81
Fri Sep 07 08:00:00 UTC 2012,2361,morning=107
Fri Sep 07 09:00:00 UTC 2012,2428,morning=81
Fri Sep 07 10:00:00 UTC 2012,2767,haha=57
Fri Sep 07 11:00:00 UTC 2012,2927,thanks=59_work=59_people=59
Fri Sep 07 12:00:00 UTC 2012,2959,think=49
Fri Sep 07 13:00:00 UTC 2012,3162,lunch=69
Fri Sep 07 14:00:00 UTC 2012,3065,great=52
Fri Sep 07 15:00:00 UTC 2012,3147,please=79
Fri Sep 07 16:00:00 UTC 2012,3364,win=57
Fri Sep 07 17:00:00 UTC 2012,3370,haha=70
Fri Sep 07 18:00:00 UTC 2012,3173,olympic=66
Fri Sep 07 19:00:00 UTC 2012,3783,england=79
Fri Sep 07 20:00:00 UTC 2012,3153,england=66
Fri Sep 07 21:00:00 UTC 2012,4414,win=90
Fri Sep 07 22:00:00 UTC 2012,4020,well=80
Fri Sep 07 23:00:00 UTC 2012,3368,night=57
Sat Sep 08 00:00:00 UTC 2012,2185,think=43
Sat Sep 08 01:00:00 UTC 2012,1637,night=37
Sat Sep 08 02:00:00 UTC 2012,1167,please=31
Sat Sep 08 03:00:00 UTC 2012,989,believetourlatinoamerica=27
Sat Sep 08 04:00:00 UTC 2012,775,believetourlatinoamerica=34
Sat Sep 08 05:00:00 UTC 2012,591,price=26
Sat Sep 08 06:00:00 UTC 2012,536,cuenta=28
Sat Sep 08 07:00:00 UTC 2012,826,morning=43
Sat Sep 08 08:00:00 UTC 2012,1574,morning=64
Sat Sep 08 09:00:00 UTC 2012,2217,morning=96
Sat Sep 08 10:00:00 UTC 2012,2633,morning=64
Sat Sep 08 11:00:00 UTC 2012,2928,last=59
Sat Sep 08 12:00:00 UTC 2012,3172,greater=69
Sat Sep 08 13:00:00 UTC 2012,3133,greater=67
Sat Sep 08 14:00:00 UTC 2012,3166,greater=69
Sat Sep 08 15:00:00 UTC 2012,2915,greater=58
Sat Sep 08 16:00:00 UTC 2012,2872,greater=56
Sat Sep 08 17:00:00 UTC 2012,3303,tonight=64
Sat Sep 08 18:00:00 UTC 2012,3121,stadium=93
Sat Sep 08 19:00:00 UTC 2012,3104,stadium=71
Sat Sep 08 20:00:00 UTC 2012,3178,xfactor=151
Sat Sep 08 21:00:00 UTC 2012,3226,well=63
Sat Sep 08 22:00:00 UTC 2012,3648,night=86
Sat Sep 08 23:00:00 UTC 2012,3144,night=74
Sun Sep 09 00:00:00 UTC 2012,2288,night=58
Sun Sep 09 01:00:00 UTC 2012,1753,night=53
Sun Sep 09 02:00:00 UTC 2012,1152,night=33
Sun Sep 09 03:00:00 UTC 2012,1001,haha=27
Sun Sep 09 04:00:00 UTC 2012,674,night=20
Sun Sep 09 05:00:00 UTC 2012,464,price=15_sep=15
Sun Sep 09 06:00:00 UTC 2012,436,morning=16_rate=16
Sun Sep 09 07:00:00 UTC 2012,587,morning=27
Sun Sep 09 08:00:00 UTC 2012,1108,last=43
Sun Sep 09 09:00:00 UTC 2012,1659,last=83
Sun Sep 09 10:00:00 UTC 2012,2307,night=78
Sun Sep 09 11:00:00 UTC 2012,2583,happy=79
Sun Sep 09 12:00:00 UTC 2012,2874,bring=80
Sun Sep 09 13:00:00 UTC 2012,2872,pleasee=94
Sun Sep 09 14:00:00 UTC 2012,2848,want=84
Sun Sep 09 15:00:00 UTC 2012,2753,last=56
Sun Sep 09 16:00:00 UTC 2012,2744,well=50_think=50
Sun Sep 09 17:00:00 UTC 2012,1782,greater=37
Sun Sep 09 18:00:00 UTC 2012,2648,haha=54_think=54
Sun Sep 09 19:00:00 UTC 2012,3591,stadium=120
Sun Sep 09 20:00:00 UTC 2012,4294,xfactor=260
Sun Sep 09 21:00:00 UTC 2012,5535,coldplay=554
Sun Sep 09 22:00:00 UTC 2012,6348,fireworks=243
Sun Sep 09 23:00:00 UTC 2012,3963,amazing=92
